{
  "accuracy": 0.83616,
  "f1_score": 0.8358281427450699,
  "precision": 0.8389002137371545,
  "recall": 0.83616,
  "roc_auc": 0.9108148927999999,
  "confusion_matrix": {
    "true_negative": 9890,
    "false_positive": 2610,
    "false_negative": 1486,
    "true_positive": 11014
  }
}